email,password,restaurant_id
jmeter_user_1@test.com,password123,69ee8a9fbf4b7c41e644ba8f
jmeter_user_2@test.com,password123,69ee8a9fbf4b7c41e644ba92
jmeter_user_3@test.com,password123,69ee95c9536691e83f44ba89
jmeter_user_4@test.com,password123,69ee95c9536691e83f44ba8a
jmeter_user_5@test.com,password123,69ee95c9536691e83f44ba8c
jmeter_user_6@test.com,password123,69ee95c9536691e83f44ba8d
jmeter_user_7@test.com,password123,69ee95c9536691e83f44ba90
jmeter_user_8@test.com,password123,69ee95c9536691e83f44ba94
jmeter_user_9@test.com,password123,69ee8a9fbf4b7c41e644ba95
jmeter_user_10@test.com,password123,69ee8a9fbf4b7c41e644ba8e
jmeter_user_11@test.com,password123,69ee8a9fbf4b7c41e644ba8b
jmeter_user_12@test.com,password123,69ee8a9fbf4b7c41e644ba8c
jmeter_user_13@test.com,password123,69ee8a9fbf4b7c41e644ba90
jmeter_user_14@test.com,password123,69ee8a9fbf4b7c41e644ba94
jmeter_user_15@test.com,password123,69ee8a9fbf4b7c41e644ba89
jmeter_user_16@test.com,password123,69ee8a9fbf4b7c41e644ba8d
jmeter_user_17@test.com,password123,69ee95c9536691e83f44ba95
jmeter_user_18@test.com,password123,69ee95c9536691e83f44ba96
jmeter_user_19@test.com,password123,69ee8a9fbf4b7c41e644ba96
jmeter_user_20@test.com,password123,69ee8a9fbf4b7c41e644ba8a
jmeter_user_21@test.com,password123,69ee95c9536691e83f44ba8e
jmeter_user_22@test.com,password123,69ee95c9536691e83f44ba8f
jmeter_user_23@test.com,password123,69ee95c9536691e83f44ba91
jmeter_user_24@test.com,password123,69ee8a9fbf4b7c41e644ba91
jmeter_user_25@test.com,password123,69ee8a9fbf4b7c41e644ba97
jmeter_user_26@test.com,password123,69ee95c9536691e83f44ba98
jmeter_user_27@test.com,password123,69ee8a9fbf4b7c41e644ba93
jmeter_user_28@test.com,password123,69ee95c9536691e83f44ba97
jmeter_user_29@test.com,password123,69ee95c9536691e83f44ba8b
jmeter_user_30@test.com,password123,69ee95c9536691e83f44ba92
jmeter_user_31@test.com,password123,69ee95c9536691e83f44ba93
jmeter_user_32@test.com,password123,69ee8a9fbf4b7c41e644ba8f
jmeter_user_33@test.com,password123,69ee8a9fbf4b7c41e644ba92
jmeter_user_34@test.com,password123,69ee95c9536691e83f44ba89
jmeter_user_35@test.com,password123,69ee95c9536691e83f44ba8a
jmeter_user_36@test.com,password123,69ee95c9536691e83f44ba8c
jmeter_user_37@test.com,password123,69ee95c9536691e83f44ba8d
jmeter_user_38@test.com,password123,69ee95c9536691e83f44ba90
jmeter_user_39@test.com,password123,69ee95c9536691e83f44ba94
jmeter_user_40@test.com,password123,69ee8a9fbf4b7c41e644ba95
jmeter_user_41@test.com,password123,69ee8a9fbf4b7c41e644ba8e
jmeter_user_42@test.com,password123,69ee8a9fbf4b7c41e644ba8b
jmeter_user_43@test.com,password123,69ee8a9fbf4b7c41e644ba8c
jmeter_user_44@test.com,password123,69ee8a9fbf4b7c41e644ba90
jmeter_user_45@test.com,password123,69ee8a9fbf4b7c41e644ba94
jmeter_user_46@test.com,password123,69ee8a9fbf4b7c41e644ba89
jmeter_user_47@test.com,password123,69ee8a9fbf4b7c41e644ba8d
jmeter_user_48@test.com,password123,69ee95c9536691e83f44ba95
jmeter_user_49@test.com,password123,69ee95c9536691e83f44ba96
jmeter_user_50@test.com,password123,69ee8a9fbf4b7c41e644ba96
jmeter_user_51@test.com,password123,69ee8a9fbf4b7c41e644ba8a
jmeter_user_52@test.com,password123,69ee95c9536691e83f44ba8e
jmeter_user_53@test.com,password123,69ee95c9536691e83f44ba8f
jmeter_user_54@test.com,password123,69ee95c9536691e83f44ba91
jmeter_user_55@test.com,password123,69ee8a9fbf4b7c41e644ba91
jmeter_user_56@test.com,password123,69ee8a9fbf4b7c41e644ba97
jmeter_user_57@test.com,password123,69ee95c9536691e83f44ba98
jmeter_user_58@test.com,password123,69ee8a9fbf4b7c41e644ba93
jmeter_user_59@test.com,password123,69ee95c9536691e83f44ba97
jmeter_user_60@test.com,password123,69ee95c9536691e83f44ba8b
jmeter_user_61@test.com,password123,69ee95c9536691e83f44ba92
jmeter_user_62@test.com,password123,69ee95c9536691e83f44ba93
jmeter_user_63@test.com,password123,69ee8a9fbf4b7c41e644ba8f
jmeter_user_64@test.com,password123,69ee8a9fbf4b7c41e644ba92
jmeter_user_65@test.com,password123,69ee95c9536691e83f44ba89
jmeter_user_66@test.com,password123,69ee95c9536691e83f44ba8a
jmeter_user_67@test.com,password123,69ee95c9536691e83f44ba8c
jmeter_user_68@test.com,password123,69ee95c9536691e83f44ba8d
jmeter_user_69@test.com,password123,69ee95c9536691e83f44ba90
jmeter_user_70@test.com,password123,69ee95c9536691e83f44ba94
jmeter_user_71@test.com,password123,69ee8a9fbf4b7c41e644ba95
jmeter_user_72@test.com,password123,69ee8a9fbf4b7c41e644ba8e
jmeter_user_73@test.com,password123,69ee8a9fbf4b7c41e644ba8b
jmeter_user_74@test.com,password123,69ee8a9fbf4b7c41e644ba8c
jmeter_user_75@test.com,password123,69ee8a9fbf4b7c41e644ba90
jmeter_user_76@test.com,password123,69ee8a9fbf4b7c41e644ba94
jmeter_user_77@test.com,password123,69ee8a9fbf4b7c41e644ba89
jmeter_user_78@test.com,password123,69ee8a9fbf4b7c41e644ba8d
jmeter_user_79@test.com,password123,69ee95c9536691e83f44ba95
jmeter_user_80@test.com,password123,69ee95c9536691e83f44ba96
jmeter_user_81@test.com,password123,69ee8a9fbf4b7c41e644ba96
jmeter_user_82@test.com,password123,69ee8a9fbf4b7c41e644ba8a
jmeter_user_83@test.com,password123,69ee95c9536691e83f44ba8e
jmeter_user_84@test.com,password123,69ee95c9536691e83f44ba8f
jmeter_user_85@test.com,password123,69ee95c9536691e83f44ba91
jmeter_user_86@test.com,password123,69ee8a9fbf4b7c41e644ba91
jmeter_user_87@test.com,password123,69ee8a9fbf4b7c41e644ba97
jmeter_user_88@test.com,password123,69ee95c9536691e83f44ba98
jmeter_user_89@test.com,password123,69ee8a9fbf4b7c41e644ba93
jmeter_user_90@test.com,password123,69ee95c9536691e83f44ba97
jmeter_user_91@test.com,password123,69ee95c9536691e83f44ba8b
jmeter_user_92@test.com,password123,69ee95c9536691e83f44ba92
jmeter_user_93@test.com,password123,69ee95c9536691e83f44ba93
jmeter_user_94@test.com,password123,69ee8a9fbf4b7c41e644ba8f
jmeter_user_95@test.com,password123,69ee8a9fbf4b7c41e644ba92
jmeter_user_96@test.com,password123,69ee95c9536691e83f44ba89
jmeter_user_97@test.com,password123,69ee95c9536691e83f44ba8a
jmeter_user_98@test.com,password123,69ee95c9536691e83f44ba8c
jmeter_user_99@test.com,password123,69ee95c9536691e83f44ba8d
jmeter_user_100@test.com,password123,69ee95c9536691e83f44ba90
jmeter_user_101@test.com,password123,69ee95c9536691e83f44ba94
jmeter_user_102@test.com,password123,69ee8a9fbf4b7c41e644ba95
jmeter_user_103@test.com,password123,69ee8a9fbf4b7c41e644ba8e
jmeter_user_104@test.com,password123,69ee8a9fbf4b7c41e644ba8b
jmeter_user_105@test.com,password123,69ee8a9fbf4b7c41e644ba8c
jmeter_user_106@test.com,password123,69ee8a9fbf4b7c41e644ba90
jmeter_user_107@test.com,password123,69ee8a9fbf4b7c41e644ba94
jmeter_user_108@test.com,password123,69ee8a9fbf4b7c41e644ba89
jmeter_user_109@test.com,password123,69ee8a9fbf4b7c41e644ba8d
jmeter_user_110@test.com,password123,69ee95c9536691e83f44ba95
jmeter_user_111@test.com,password123,69ee95c9536691e83f44ba96
jmeter_user_112@test.com,password123,69ee8a9fbf4b7c41e644ba96
jmeter_user_113@test.com,password123,69ee8a9fbf4b7c41e644ba8a
jmeter_user_114@test.com,password123,69ee95c9536691e83f44ba8e
jmeter_user_115@test.com,password123,69ee95c9536691e83f44ba8f
jmeter_user_116@test.com,password123,69ee95c9536691e83f44ba91
jmeter_user_117@test.com,password123,69ee8a9fbf4b7c41e644ba91
jmeter_user_118@test.com,password123,69ee8a9fbf4b7c41e644ba97
jmeter_user_119@test.com,password123,69ee95c9536691e83f44ba98
jmeter_user_120@test.com,password123,69ee8a9fbf4b7c41e644ba93
jmeter_user_121@test.com,password123,69ee95c9536691e83f44ba97
jmeter_user_122@test.com,password123,69ee95c9536691e83f44ba8b
jmeter_user_123@test.com,password123,69ee95c9536691e83f44ba92
jmeter_user_124@test.com,password123,69ee95c9536691e83f44ba93
jmeter_user_125@test.com,password123,69ee8a9fbf4b7c41e644ba8f
jmeter_user_126@test.com,password123,69ee8a9fbf4b7c41e644ba92
jmeter_user_127@test.com,password123,69ee95c9536691e83f44ba89
jmeter_user_128@test.com,password123,69ee95c9536691e83f44ba8a
jmeter_user_129@test.com,password123,69ee95c9536691e83f44ba8c
jmeter_user_130@test.com,password123,69ee95c9536691e83f44ba8d
jmeter_user_131@test.com,password123,69ee95c9536691e83f44ba90
jmeter_user_132@test.com,password123,69ee95c9536691e83f44ba94
jmeter_user_133@test.com,password123,69ee8a9fbf4b7c41e644ba95
jmeter_user_134@test.com,password123,69ee8a9fbf4b7c41e644ba8e
jmeter_user_135@test.com,password123,69ee8a9fbf4b7c41e644ba8b
jmeter_user_136@test.com,password123,69ee8a9fbf4b7c41e644ba8c
jmeter_user_137@test.com,password123,69ee8a9fbf4b7c41e644ba90
jmeter_user_138@test.com,password123,69ee8a9fbf4b7c41e644ba94
jmeter_user_139@test.com,password123,69ee8a9fbf4b7c41e644ba89
jmeter_user_140@test.com,password123,69ee8a9fbf4b7c41e644ba8d
jmeter_user_141@test.com,password123,69ee95c9536691e83f44ba95
jmeter_user_142@test.com,password123,69ee95c9536691e83f44ba96
jmeter_user_143@test.com,password123,69ee8a9fbf4b7c41e644ba96
jmeter_user_144@test.com,password123,69ee8a9fbf4b7c41e644ba8a
jmeter_user_145@test.com,password123,69ee95c9536691e83f44ba8e
jmeter_user_146@test.com,password123,69ee95c9536691e83f44ba8f
jmeter_user_147@test.com,password123,69ee95c9536691e83f44ba91
jmeter_user_148@test.com,password123,69ee8a9fbf4b7c41e644ba91
jmeter_user_149@test.com,password123,69ee8a9fbf4b7c41e644ba97
jmeter_user_150@test.com,password123,69ee95c9536691e83f44ba98
jmeter_user_151@test.com,password123,69ee8a9fbf4b7c41e644ba93
jmeter_user_152@test.com,password123,69ee95c9536691e83f44ba97
jmeter_user_153@test.com,password123,69ee95c9536691e83f44ba8b
jmeter_user_154@test.com,password123,69ee95c9536691e83f44ba92
jmeter_user_155@test.com,password123,69ee95c9536691e83f44ba93
jmeter_user_156@test.com,password123,69ee8a9fbf4b7c41e644ba8f
jmeter_user_157@test.com,password123,69ee8a9fbf4b7c41e644ba92
jmeter_user_158@test.com,password123,69ee95c9536691e83f44ba89
jmeter_user_159@test.com,password123,69ee95c9536691e83f44ba8a
jmeter_user_160@test.com,password123,69ee95c9536691e83f44ba8c
jmeter_user_161@test.com,password123,69ee95c9536691e83f44ba8d
jmeter_user_162@test.com,password123,69ee95c9536691e83f44ba90
jmeter_user_163@test.com,password123,69ee95c9536691e83f44ba94
jmeter_user_164@test.com,password123,69ee8a9fbf4b7c41e644ba95
jmeter_user_165@test.com,password123,69ee8a9fbf4b7c41e644ba8e
jmeter_user_166@test.com,password123,69ee8a9fbf4b7c41e644ba8b
jmeter_user_167@test.com,password123,69ee8a9fbf4b7c41e644ba8c
jmeter_user_168@test.com,password123,69ee8a9fbf4b7c41e644ba90
jmeter_user_169@test.com,password123,69ee8a9fbf4b7c41e644ba94
jmeter_user_170@test.com,password123,69ee8a9fbf4b7c41e644ba89
jmeter_user_171@test.com,password123,69ee8a9fbf4b7c41e644ba8d
jmeter_user_172@test.com,password123,69ee95c9536691e83f44ba95
jmeter_user_173@test.com,password123,69ee95c9536691e83f44ba96
jmeter_user_174@test.com,password123,69ee8a9fbf4b7c41e644ba96
jmeter_user_175@test.com,password123,69ee8a9fbf4b7c41e644ba8a
jmeter_user_176@test.com,password123,69ee95c9536691e83f44ba8e
jmeter_user_177@test.com,password123,69ee95c9536691e83f44ba8f
jmeter_user_178@test.com,password123,69ee95c9536691e83f44ba91
jmeter_user_179@test.com,password123,69ee8a9fbf4b7c41e644ba91
jmeter_user_180@test.com,password123,69ee8a9fbf4b7c41e644ba97
jmeter_user_181@test.com,password123,69ee95c9536691e83f44ba98
jmeter_user_182@test.com,password123,69ee8a9fbf4b7c41e644ba93
jmeter_user_183@test.com,password123,69ee95c9536691e83f44ba97
jmeter_user_184@test.com,password123,69ee95c9536691e83f44ba8b
jmeter_user_185@test.com,password123,69ee95c9536691e83f44ba92
jmeter_user_186@test.com,password123,69ee95c9536691e83f44ba93
jmeter_user_187@test.com,password123,69ee8a9fbf4b7c41e644ba8f
jmeter_user_188@test.com,password123,69ee8a9fbf4b7c41e644ba92
jmeter_user_189@test.com,password123,69ee95c9536691e83f44ba89
jmeter_user_190@test.com,password123,69ee95c9536691e83f44ba8a
jmeter_user_191@test.com,password123,69ee95c9536691e83f44ba8c
jmeter_user_192@test.com,password123,69ee95c9536691e83f44ba8d
jmeter_user_193@test.com,password123,69ee95c9536691e83f44ba90
jmeter_user_194@test.com,password123,69ee95c9536691e83f44ba94
jmeter_user_195@test.com,password123,69ee8a9fbf4b7c41e644ba95
jmeter_user_196@test.com,password123,69ee8a9fbf4b7c41e644ba8e
jmeter_user_197@test.com,password123,69ee8a9fbf4b7c41e644ba8b
jmeter_user_198@test.com,password123,69ee8a9fbf4b7c41e644ba8c
jmeter_user_199@test.com,password123,69ee8a9fbf4b7c41e644ba90
jmeter_user_200@test.com,password123,69ee8a9fbf4b7c41e644ba94
jmeter_user_201@test.com,password123,69ee8a9fbf4b7c41e644ba89
jmeter_user_202@test.com,password123,69ee8a9fbf4b7c41e644ba8d
jmeter_user_203@test.com,password123,69ee95c9536691e83f44ba95
jmeter_user_204@test.com,password123,69ee95c9536691e83f44ba96
jmeter_user_205@test.com,password123,69ee8a9fbf4b7c41e644ba96
jmeter_user_206@test.com,password123,69ee8a9fbf4b7c41e644ba8a
jmeter_user_207@test.com,password123,69ee95c9536691e83f44ba8e
jmeter_user_208@test.com,password123,69ee95c9536691e83f44ba8f
jmeter_user_209@test.com,password123,69ee95c9536691e83f44ba91
jmeter_user_210@test.com,password123,69ee8a9fbf4b7c41e644ba91
jmeter_user_211@test.com,password123,69ee8a9fbf4b7c41e644ba97
jmeter_user_212@test.com,password123,69ee95c9536691e83f44ba98
jmeter_user_213@test.com,password123,69ee8a9fbf4b7c41e644ba93
jmeter_user_214@test.com,password123,69ee95c9536691e83f44ba97
jmeter_user_215@test.com,password123,69ee95c9536691e83f44ba8b
jmeter_user_216@test.com,password123,69ee95c9536691e83f44ba92
jmeter_user_217@test.com,password123,69ee95c9536691e83f44ba93
jmeter_user_218@test.com,password123,69ee8a9fbf4b7c41e644ba8f
jmeter_user_219@test.com,password123,69ee8a9fbf4b7c41e644ba92
jmeter_user_220@test.com,password123,69ee95c9536691e83f44ba89
jmeter_user_221@test.com,password123,69ee95c9536691e83f44ba8a
jmeter_user_222@test.com,password123,69ee95c9536691e83f44ba8c
jmeter_user_223@test.com,password123,69ee95c9536691e83f44ba8d
jmeter_user_224@test.com,password123,69ee95c9536691e83f44ba90
jmeter_user_225@test.com,password123,69ee95c9536691e83f44ba94
jmeter_user_226@test.com,password123,69ee8a9fbf4b7c41e644ba95
jmeter_user_227@test.com,password123,69ee8a9fbf4b7c41e644ba8e
jmeter_user_228@test.com,password123,69ee8a9fbf4b7c41e644ba8b
jmeter_user_229@test.com,password123,69ee8a9fbf4b7c41e644ba8c
jmeter_user_230@test.com,password123,69ee8a9fbf4b7c41e644ba90
jmeter_user_231@test.com,password123,69ee8a9fbf4b7c41e644ba94
jmeter_user_232@test.com,password123,69ee8a9fbf4b7c41e644ba89
jmeter_user_233@test.com,password123,69ee8a9fbf4b7c41e644ba8d
jmeter_user_234@test.com,password123,69ee95c9536691e83f44ba95
jmeter_user_235@test.com,password123,69ee95c9536691e83f44ba96
jmeter_user_236@test.com,password123,69ee8a9fbf4b7c41e644ba96
jmeter_user_237@test.com,password123,69ee8a9fbf4b7c41e644ba8a
jmeter_user_238@test.com,password123,69ee95c9536691e83f44ba8e
jmeter_user_239@test.com,password123,69ee95c9536691e83f44ba8f
jmeter_user_240@test.com,password123,69ee95c9536691e83f44ba91
jmeter_user_241@test.com,password123,69ee8a9fbf4b7c41e644ba91
jmeter_user_242@test.com,password123,69ee8a9fbf4b7c41e644ba97
jmeter_user_243@test.com,password123,69ee95c9536691e83f44ba98
jmeter_user_244@test.com,password123,69ee8a9fbf4b7c41e644ba93
jmeter_user_245@test.com,password123,69ee95c9536691e83f44ba97
jmeter_user_246@test.com,password123,69ee95c9536691e83f44ba8b
jmeter_user_247@test.com,password123,69ee95c9536691e83f44ba92
jmeter_user_248@test.com,password123,69ee95c9536691e83f44ba93
jmeter_user_249@test.com,password123,69ee8a9fbf4b7c41e644ba8f
jmeter_user_250@test.com,password123,69ee8a9fbf4b7c41e644ba92
jmeter_user_251@test.com,password123,69ee95c9536691e83f44ba89
jmeter_user_252@test.com,password123,69ee95c9536691e83f44ba8a
jmeter_user_253@test.com,password123,69ee95c9536691e83f44ba8c
jmeter_user_254@test.com,password123,69ee95c9536691e83f44ba8d
jmeter_user_255@test.com,password123,69ee95c9536691e83f44ba90
jmeter_user_256@test.com,password123,69ee95c9536691e83f44ba94
jmeter_user_257@test.com,password123,69ee8a9fbf4b7c41e644ba95
jmeter_user_258@test.com,password123,69ee8a9fbf4b7c41e644ba8e
jmeter_user_259@test.com,password123,69ee8a9fbf4b7c41e644ba8b
jmeter_user_260@test.com,password123,69ee8a9fbf4b7c41e644ba8c
jmeter_user_261@test.com,password123,69ee8a9fbf4b7c41e644ba90
jmeter_user_262@test.com,password123,69ee8a9fbf4b7c41e644ba94
jmeter_user_263@test.com,password123,69ee8a9fbf4b7c41e644ba89
jmeter_user_264@test.com,password123,69ee8a9fbf4b7c41e644ba8d
jmeter_user_265@test.com,password123,69ee95c9536691e83f44ba95
jmeter_user_266@test.com,password123,69ee95c9536691e83f44ba96
jmeter_user_267@test.com,password123,69ee8a9fbf4b7c41e644ba96
jmeter_user_268@test.com,password123,69ee8a9fbf4b7c41e644ba8a
jmeter_user_269@test.com,password123,69ee95c9536691e83f44ba8e
jmeter_user_270@test.com,password123,69ee95c9536691e83f44ba8f
jmeter_user_271@test.com,password123,69ee95c9536691e83f44ba91
jmeter_user_272@test.com,password123,69ee8a9fbf4b7c41e644ba91
jmeter_user_273@test.com,password123,69ee8a9fbf4b7c41e644ba97
jmeter_user_274@test.com,password123,69ee95c9536691e83f44ba98
jmeter_user_275@test.com,password123,69ee8a9fbf4b7c41e644ba93
jmeter_user_276@test.com,password123,69ee95c9536691e83f44ba97
jmeter_user_277@test.com,password123,69ee95c9536691e83f44ba8b
jmeter_user_278@test.com,password123,69ee95c9536691e83f44ba92
jmeter_user_279@test.com,password123,69ee95c9536691e83f44ba93
jmeter_user_280@test.com,password123,69ee8a9fbf4b7c41e644ba8f
jmeter_user_281@test.com,password123,69ee8a9fbf4b7c41e644ba92
jmeter_user_282@test.com,password123,69ee95c9536691e83f44ba89
jmeter_user_283@test.com,password123,69ee95c9536691e83f44ba8a
jmeter_user_284@test.com,password123,69ee95c9536691e83f44ba8c
jmeter_user_285@test.com,password123,69ee95c9536691e83f44ba8d
jmeter_user_286@test.com,password123,69ee95c9536691e83f44ba90
jmeter_user_287@test.com,password123,69ee95c9536691e83f44ba94
jmeter_user_288@test.com,password123,69ee8a9fbf4b7c41e644ba95
jmeter_user_289@test.com,password123,69ee8a9fbf4b7c41e644ba8e
jmeter_user_290@test.com,password123,69ee8a9fbf4b7c41e644ba8b
jmeter_user_291@test.com,password123,69ee8a9fbf4b7c41e644ba8c
jmeter_user_292@test.com,password123,69ee8a9fbf4b7c41e644ba90
jmeter_user_293@test.com,password123,69ee8a9fbf4b7c41e644ba94
jmeter_user_294@test.com,password123,69ee8a9fbf4b7c41e644ba89
jmeter_user_295@test.com,password123,69ee8a9fbf4b7c41e644ba8d
jmeter_user_296@test.com,password123,69ee95c9536691e83f44ba95
jmeter_user_297@test.com,password123,69ee95c9536691e83f44ba96
jmeter_user_298@test.com,password123,69ee8a9fbf4b7c41e644ba96
jmeter_user_299@test.com,password123,69ee8a9fbf4b7c41e644ba8a
jmeter_user_300@test.com,password123,69ee95c9536691e83f44ba8e
jmeter_user_301@test.com,password123,69ee95c9536691e83f44ba8f
jmeter_user_302@test.com,password123,69ee95c9536691e83f44ba91
jmeter_user_303@test.com,password123,69ee8a9fbf4b7c41e644ba91
jmeter_user_304@test.com,password123,69ee8a9fbf4b7c41e644ba97
jmeter_user_305@test.com,password123,69ee95c9536691e83f44ba98
jmeter_user_306@test.com,password123,69ee8a9fbf4b7c41e644ba93
jmeter_user_307@test.com,password123,69ee95c9536691e83f44ba97
jmeter_user_308@test.com,password123,69ee95c9536691e83f44ba8b
jmeter_user_309@test.com,password123,69ee95c9536691e83f44ba92
jmeter_user_310@test.com,password123,69ee95c9536691e83f44ba93
jmeter_user_311@test.com,password123,69ee8a9fbf4b7c41e644ba8f
jmeter_user_312@test.com,password123,69ee8a9fbf4b7c41e644ba92
jmeter_user_313@test.com,password123,69ee95c9536691e83f44ba89
jmeter_user_314@test.com,password123,69ee95c9536691e83f44ba8a
jmeter_user_315@test.com,password123,69ee95c9536691e83f44ba8c
jmeter_user_316@test.com,password123,69ee95c9536691e83f44ba8d
jmeter_user_317@test.com,password123,69ee95c9536691e83f44ba90
jmeter_user_318@test.com,password123,69ee95c9536691e83f44ba94
jmeter_user_319@test.com,password123,69ee8a9fbf4b7c41e644ba95
jmeter_user_320@test.com,password123,69ee8a9fbf4b7c41e644ba8e
jmeter_user_321@test.com,password123,69ee8a9fbf4b7c41e644ba8b
jmeter_user_322@test.com,password123,69ee8a9fbf4b7c41e644ba8c
jmeter_user_323@test.com,password123,69ee8a9fbf4b7c41e644ba90
jmeter_user_324@test.com,password123,69ee8a9fbf4b7c41e644ba94
jmeter_user_325@test.com,password123,69ee8a9fbf4b7c41e644ba89
jmeter_user_326@test.com,password123,69ee8a9fbf4b7c41e644ba8d
jmeter_user_327@test.com,password123,69ee95c9536691e83f44ba95
jmeter_user_328@test.com,password123,69ee95c9536691e83f44ba96
jmeter_user_329@test.com,password123,69ee8a9fbf4b7c41e644ba96
jmeter_user_330@test.com,password123,69ee8a9fbf4b7c41e644ba8a
jmeter_user_331@test.com,password123,69ee95c9536691e83f44ba8e
jmeter_user_332@test.com,password123,69ee95c9536691e83f44ba8f
jmeter_user_333@test.com,password123,69ee95c9536691e83f44ba91
jmeter_user_334@test.com,password123,69ee8a9fbf4b7c41e644ba91
jmeter_user_335@test.com,password123,69ee8a9fbf4b7c41e644ba97
jmeter_user_336@test.com,password123,69ee95c9536691e83f44ba98
jmeter_user_337@test.com,password123,69ee8a9fbf4b7c41e644ba93
jmeter_user_338@test.com,password123,69ee95c9536691e83f44ba97
jmeter_user_339@test.com,password123,69ee95c9536691e83f44ba8b
jmeter_user_340@test.com,password123,69ee95c9536691e83f44ba92
jmeter_user_341@test.com,password123,69ee95c9536691e83f44ba93
jmeter_user_342@test.com,password123,69ee8a9fbf4b7c41e644ba8f
jmeter_user_343@test.com,password123,69ee8a9fbf4b7c41e644ba92
jmeter_user_344@test.com,password123,69ee95c9536691e83f44ba89
jmeter_user_345@test.com,password123,69ee95c9536691e83f44ba8a
jmeter_user_346@test.com,password123,69ee95c9536691e83f44ba8c
jmeter_user_347@test.com,password123,69ee95c9536691e83f44ba8d
jmeter_user_348@test.com,password123,69ee95c9536691e83f44ba90
jmeter_user_349@test.com,password123,69ee95c9536691e83f44ba94
jmeter_user_350@test.com,password123,69ee8a9fbf4b7c41e644ba95
jmeter_user_351@test.com,password123,69ee8a9fbf4b7c41e644ba8e
jmeter_user_352@test.com,password123,69ee8a9fbf4b7c41e644ba8b
jmeter_user_353@test.com,password123,69ee8a9fbf4b7c41e644ba8c
jmeter_user_354@test.com,password123,69ee8a9fbf4b7c41e644ba90
jmeter_user_355@test.com,password123,69ee8a9fbf4b7c41e644ba94
jmeter_user_356@test.com,password123,69ee8a9fbf4b7c41e644ba89
jmeter_user_357@test.com,password123,69ee8a9fbf4b7c41e644ba8d
jmeter_user_358@test.com,password123,69ee95c9536691e83f44ba95
jmeter_user_359@test.com,password123,69ee95c9536691e83f44ba96
jmeter_user_360@test.com,password123,69ee8a9fbf4b7c41e644ba96
jmeter_user_361@test.com,password123,69ee8a9fbf4b7c41e644ba8a
jmeter_user_362@test.com,password123,69ee95c9536691e83f44ba8e
jmeter_user_363@test.com,password123,69ee95c9536691e83f44ba8f
jmeter_user_364@test.com,password123,69ee95c9536691e83f44ba91
jmeter_user_365@test.com,password123,69ee8a9fbf4b7c41e644ba91
jmeter_user_366@test.com,password123,69ee8a9fbf4b7c41e644ba97
jmeter_user_367@test.com,password123,69ee95c9536691e83f44ba98
jmeter_user_368@test.com,password123,69ee8a9fbf4b7c41e644ba93
jmeter_user_369@test.com,password123,69ee95c9536691e83f44ba97
jmeter_user_370@test.com,password123,69ee95c9536691e83f44ba8b
jmeter_user_371@test.com,password123,69ee95c9536691e83f44ba92
jmeter_user_372@test.com,password123,69ee95c9536691e83f44ba93
jmeter_user_373@test.com,password123,69ee8a9fbf4b7c41e644ba8f
jmeter_user_374@test.com,password123,69ee8a9fbf4b7c41e644ba92
jmeter_user_375@test.com,password123,69ee95c9536691e83f44ba89
jmeter_user_376@test.com,password123,69ee95c9536691e83f44ba8a
jmeter_user_377@test.com,password123,69ee95c9536691e83f44ba8c
jmeter_user_378@test.com,password123,69ee95c9536691e83f44ba8d
jmeter_user_379@test.com,password123,69ee95c9536691e83f44ba90
jmeter_user_380@test.com,password123,69ee95c9536691e83f44ba94
jmeter_user_381@test.com,password123,69ee8a9fbf4b7c41e644ba95
jmeter_user_382@test.com,password123,69ee8a9fbf4b7c41e644ba8e
jmeter_user_383@test.com,password123,69ee8a9fbf4b7c41e644ba8b
jmeter_user_384@test.com,password123,69ee8a9fbf4b7c41e644ba8c
jmeter_user_385@test.com,password123,69ee8a9fbf4b7c41e644ba90
jmeter_user_386@test.com,password123,69ee8a9fbf4b7c41e644ba94
jmeter_user_387@test.com,password123,69ee8a9fbf4b7c41e644ba89
jmeter_user_388@test.com,password123,69ee8a9fbf4b7c41e644ba8d
jmeter_user_389@test.com,password123,69ee95c9536691e83f44ba95
jmeter_user_390@test.com,password123,69ee95c9536691e83f44ba96
jmeter_user_391@test.com,password123,69ee8a9fbf4b7c41e644ba96
jmeter_user_392@test.com,password123,69ee8a9fbf4b7c41e644ba8a
jmeter_user_393@test.com,password123,69ee95c9536691e83f44ba8e
jmeter_user_394@test.com,password123,69ee95c9536691e83f44ba8f
jmeter_user_395@test.com,password123,69ee95c9536691e83f44ba91
jmeter_user_396@test.com,password123,69ee8a9fbf4b7c41e644ba91
jmeter_user_397@test.com,password123,69ee8a9fbf4b7c41e644ba97
jmeter_user_398@test.com,password123,69ee95c9536691e83f44ba98
jmeter_user_399@test.com,password123,69ee8a9fbf4b7c41e644ba93
jmeter_user_400@test.com,password123,69ee95c9536691e83f44ba97
jmeter_user_401@test.com,password123,69ee95c9536691e83f44ba8b
jmeter_user_402@test.com,password123,69ee95c9536691e83f44ba92
jmeter_user_403@test.com,password123,69ee95c9536691e83f44ba93
jmeter_user_404@test.com,password123,69ee8a9fbf4b7c41e644ba8f
jmeter_user_405@test.com,password123,69ee8a9fbf4b7c41e644ba92
jmeter_user_406@test.com,password123,69ee95c9536691e83f44ba89
jmeter_user_407@test.com,password123,69ee95c9536691e83f44ba8a
jmeter_user_408@test.com,password123,69ee95c9536691e83f44ba8c
jmeter_user_409@test.com,password123,69ee95c9536691e83f44ba8d
jmeter_user_410@test.com,password123,69ee95c9536691e83f44ba90
jmeter_user_411@test.com,password123,69ee95c9536691e83f44ba94
jmeter_user_412@test.com,password123,69ee8a9fbf4b7c41e644ba95
jmeter_user_413@test.com,password123,69ee8a9fbf4b7c41e644ba8e
jmeter_user_414@test.com,password123,69ee8a9fbf4b7c41e644ba8b
jmeter_user_415@test.com,password123,69ee8a9fbf4b7c41e644ba8c
jmeter_user_416@test.com,password123,69ee8a9fbf4b7c41e644ba90
jmeter_user_417@test.com,password123,69ee8a9fbf4b7c41e644ba94
jmeter_user_418@test.com,password123,69ee8a9fbf4b7c41e644ba89
jmeter_user_419@test.com,password123,69ee8a9fbf4b7c41e644ba8d
jmeter_user_420@test.com,password123,69ee95c9536691e83f44ba95
jmeter_user_421@test.com,password123,69ee95c9536691e83f44ba96
jmeter_user_422@test.com,password123,69ee8a9fbf4b7c41e644ba96
jmeter_user_423@test.com,password123,69ee8a9fbf4b7c41e644ba8a
jmeter_user_424@test.com,password123,69ee95c9536691e83f44ba8e
jmeter_user_425@test.com,password123,69ee95c9536691e83f44ba8f
jmeter_user_426@test.com,password123,69ee95c9536691e83f44ba91
jmeter_user_427@test.com,password123,69ee8a9fbf4b7c41e644ba91
jmeter_user_428@test.com,password123,69ee8a9fbf4b7c41e644ba97
jmeter_user_429@test.com,password123,69ee95c9536691e83f44ba98
jmeter_user_430@test.com,password123,69ee8a9fbf4b7c41e644ba93
jmeter_user_431@test.com,password123,69ee95c9536691e83f44ba97
jmeter_user_432@test.com,password123,69ee95c9536691e83f44ba8b
jmeter_user_433@test.com,password123,69ee95c9536691e83f44ba92
jmeter_user_434@test.com,password123,69ee95c9536691e83f44ba93
jmeter_user_435@test.com,password123,69ee8a9fbf4b7c41e644ba8f
jmeter_user_436@test.com,password123,69ee8a9fbf4b7c41e644ba92
jmeter_user_437@test.com,password123,69ee95c9536691e83f44ba89
jmeter_user_438@test.com,password123,69ee95c9536691e83f44ba8a
jmeter_user_439@test.com,password123,69ee95c9536691e83f44ba8c
jmeter_user_440@test.com,password123,69ee95c9536691e83f44ba8d
jmeter_user_441@test.com,password123,69ee95c9536691e83f44ba90
jmeter_user_442@test.com,password123,69ee95c9536691e83f44ba94
jmeter_user_443@test.com,password123,69ee8a9fbf4b7c41e644ba95
jmeter_user_444@test.com,password123,69ee8a9fbf4b7c41e644ba8e
jmeter_user_445@test.com,password123,69ee8a9fbf4b7c41e644ba8b
jmeter_user_446@test.com,password123,69ee8a9fbf4b7c41e644ba8c
jmeter_user_447@test.com,password123,69ee8a9fbf4b7c41e644ba90
jmeter_user_448@test.com,password123,69ee8a9fbf4b7c41e644ba94
jmeter_user_449@test.com,password123,69ee8a9fbf4b7c41e644ba89
jmeter_user_450@test.com,password123,69ee8a9fbf4b7c41e644ba8d
jmeter_user_451@test.com,password123,69ee95c9536691e83f44ba95
jmeter_user_452@test.com,password123,69ee95c9536691e83f44ba96
jmeter_user_453@test.com,password123,69ee8a9fbf4b7c41e644ba96
jmeter_user_454@test.com,password123,69ee8a9fbf4b7c41e644ba8a
jmeter_user_455@test.com,password123,69ee95c9536691e83f44ba8e
jmeter_user_456@test.com,password123,69ee95c9536691e83f44ba8f
jmeter_user_457@test.com,password123,69ee95c9536691e83f44ba91
jmeter_user_458@test.com,password123,69ee8a9fbf4b7c41e644ba91
jmeter_user_459@test.com,password123,69ee8a9fbf4b7c41e644ba97
jmeter_user_460@test.com,password123,69ee95c9536691e83f44ba98
jmeter_user_461@test.com,password123,69ee8a9fbf4b7c41e644ba93
jmeter_user_462@test.com,password123,69ee95c9536691e83f44ba97
jmeter_user_463@test.com,password123,69ee95c9536691e83f44ba8b
jmeter_user_464@test.com,password123,69ee95c9536691e83f44ba92
jmeter_user_465@test.com,password123,69ee95c9536691e83f44ba93
jmeter_user_466@test.com,password123,69ee8a9fbf4b7c41e644ba8f
jmeter_user_467@test.com,password123,69ee8a9fbf4b7c41e644ba92
jmeter_user_468@test.com,password123,69ee95c9536691e83f44ba89
jmeter_user_469@test.com,password123,69ee95c9536691e83f44ba8a
jmeter_user_470@test.com,password123,69ee95c9536691e83f44ba8c
jmeter_user_471@test.com,password123,69ee95c9536691e83f44ba8d
jmeter_user_472@test.com,password123,69ee95c9536691e83f44ba90
jmeter_user_473@test.com,password123,69ee95c9536691e83f44ba94
jmeter_user_474@test.com,password123,69ee8a9fbf4b7c41e644ba95
jmeter_user_475@test.com,password123,69ee8a9fbf4b7c41e644ba8e
jmeter_user_476@test.com,password123,69ee8a9fbf4b7c41e644ba8b
jmeter_user_477@test.com,password123,69ee8a9fbf4b7c41e644ba8c
jmeter_user_478@test.com,password123,69ee8a9fbf4b7c41e644ba90
jmeter_user_479@test.com,password123,69ee8a9fbf4b7c41e644ba94
jmeter_user_480@test.com,password123,69ee8a9fbf4b7c41e644ba89
jmeter_user_481@test.com,password123,69ee8a9fbf4b7c41e644ba8d
jmeter_user_482@test.com,password123,69ee95c9536691e83f44ba95
jmeter_user_483@test.com,password123,69ee95c9536691e83f44ba96
jmeter_user_484@test.com,password123,69ee8a9fbf4b7c41e644ba96
jmeter_user_485@test.com,password123,69ee8a9fbf4b7c41e644ba8a
jmeter_user_486@test.com,password123,69ee95c9536691e83f44ba8e
jmeter_user_487@test.com,password123,69ee95c9536691e83f44ba8f
jmeter_user_488@test.com,password123,69ee95c9536691e83f44ba91
jmeter_user_489@test.com,password123,69ee8a9fbf4b7c41e644ba91
jmeter_user_490@test.com,password123,69ee8a9fbf4b7c41e644ba97
jmeter_user_491@test.com,password123,69ee95c9536691e83f44ba98
jmeter_user_492@test.com,password123,69ee8a9fbf4b7c41e644ba93
jmeter_user_493@test.com,password123,69ee95c9536691e83f44ba97
jmeter_user_494@test.com,password123,69ee95c9536691e83f44ba8b
jmeter_user_495@test.com,password123,69ee95c9536691e83f44ba92
jmeter_user_496@test.com,password123,69ee95c9536691e83f44ba93
jmeter_user_497@test.com,password123,69ee8a9fbf4b7c41e644ba8f
jmeter_user_498@test.com,password123,69ee8a9fbf4b7c41e644ba92
jmeter_user_499@test.com,password123,69ee95c9536691e83f44ba89
jmeter_user_500@test.com,password123,69ee95c9536691e83f44ba8a
